drain_id,lat,lon,ward_id,rainfall_24h_mm,rain_source,flood_count,days_since_clean,rain_index,history_index,cleaning_index,risk_score,risk_level
1,22.786978024277985,88.41943921987603,14,0.0,OpenWeather_point,3,78,0.0,0.3,0.43333333333333335,0.1767,Low
2,22.74868401452968,88.24708867394382,13,0.0,OpenWeather_point,0,155,0.0,0.0,0.8611111111111112,0.1722,Low
3,22.887811175818378,88.58056985099518,17,0.0,OpenWeather_point,2,130,0.0,0.2,0.7222222222222222,0.2044,Low
4,22.46405681633777,88.42519296894778,13,0.0,OpenWeather_point,6,142,0.0,0.6,0.7888888888888889,0.3378,Medium
5,22.58539901211629,88.6633824944243,17,0.16,OpenWeather_point,1,141,0.0010666666666666667,0.1,0.7833333333333333,0.1872,Low
6,22.81138080663541,88.42170709941367,21,0.0,OpenWeather_point,0,116,0.0,0.0,0.6444444444444445,0.1289,Low
7,22.51361936089239,88.47729239350792,7,0.1,OpenWeather_point,0,160,0.0006666666666666668,0.0,0.8888888888888888,0.1781,Low
8,22.813815585996288,88.51583219956103,24,0.0,OpenWeather_point,0,12,0.0,0.0,0.06666666666666667,0.0133,Low
9,22.779043870042685,88.37726298406494,2,0.0,OpenWeather_point,3,13,0.0,0.3,0.07222222222222222,0.1044,Low
10,22.846560560661096,88.58919174853689,22,0.0,OpenWeather_point,2,175,0.0,0.2,0.9722222222222222,0.2544,Low
11,22.49731935392598,88.43336050186352,4,0.0,OpenWeather_point,0,90,0.0,0.0,0.5,0.1,Low
12,22.477144746033773,88.54152447662123,15,0.14,OpenWeather_point,0,8,0.0009333333333333334,0.0,0.044444444444444446,0.0094,Low
13,22.772381077953906,88.68375486621711,16,0.1,OpenWeather_point,0,74,0.0006666666666666668,0.0,0.4111111111111111,0.0826,Low
14,22.585229853017434,88.4347779056379,21,0.0,OpenWeather_point,2,59,0.0,0.2,0.3277777777777778,0.1256,Low
15,22.494735679542146,88.26496075266773,17,0.0,OpenWeather_point,0,124,0.0,0.0,0.6888888888888889,0.1378,Low
16,22.51345467452544,88.53490699734125,8,0.13,OpenWeather_point,0,86,0.0008666666666666667,0.0,0.4777777777777778,0.096,Low
17,22.618575959436164,88.61633909802892,16,0.14,OpenWeather_point,0,114,0.0009333333333333334,0.0,0.6333333333333333,0.1271,Low
18,22.55618332069102,88.6161299006976,9,0.15,OpenWeather_point,0,127,0.001,0.0,0.7055555555555556,0.1416,Low
19,22.8023821787484,88.39373918951509,6,0.0,OpenWeather_point,2,162,0.0,0.2,0.9,0.24,Low
20,22.741247751987487,88.26987624180465,1,0.0,OpenWeather_point,3,52,0.0,0.3,0.28888888888888886,0.1478,Low
21,22.499954101237552,88.20368113487551,2,0.0,OpenWeather_point,0,144,0.0,0.0,0.8,0.16,Low
22,22.73242542829601,88.55258268931317,10,0.0,OpenWeather_point,0,142,0.0,0.0,0.7888888888888889,0.1578,Low
23,22.790364515510984,88.42945788776917,20,0.0,OpenWeather_point,4,92,0.0,0.4,0.5111111111111111,0.2222,Low
24,22.469898499063827,88.25726503676799,24,0.0,OpenWeather_point,1,103,0.0,0.1,0.5722222222222222,0.1444,Low
25,22.734201480895237,88.43554810307157,17,0.0,OpenWeather_point,0,154,0.0,0.0,0.8555555555555555,0.1711,Low
26,22.78249942870801,88.5173591600003,1,0.0,OpenWeather_point,0,102,0.0,0.0,0.5666666666666667,0.1133,Low
27,22.676789700329,88.47960358037271,5,0.0,OpenWeather_point,0,144,0.0,0.0,0.8,0.16,Low
28,22.41540891728397,88.41835869461619,19,0.0,OpenWeather_point,0,55,0.0,0.0,0.3055555555555556,0.0611,Low
29,22.50729233640976,88.40426432186231,2,0.0,OpenWeather_point,0,179,0.0,0.0,0.9944444444444445,0.1989,Low
30,22.51696974293267,88.22915137084453,16,0.0,OpenWeather_point,0,154,0.0,0.0,0.8555555555555555,0.1711,Low
31,22.540691946011,88.34679687888334,5,0.0,OpenWeather_point,0,79,0.0,0.0,0.4388888888888889,0.0878,Low
32,22.67851607617064,88.59194910455321,19,0.1,OpenWeather_point,2,120,0.0006666666666666668,0.2,0.6666666666666666,0.1937,Low
33,22.73215677016369,88.40319343072004,9,0.0,OpenWeather_point,0,76,0.0,0.0,0.4222222222222222,0.0844,Low
34,22.48348645995385,88.21135603656694,24,0.0,OpenWeather_point,6,147,0.0,0.6,0.8166666666666667,0.3433,Medium
35,22.44502393038782,88.56117967529823,2,0.14,OpenWeather_point,1,126,0.0009333333333333334,0.1,0.7,0.1705,Low
36,22.4806358895168,88.45052238755169,2,0.0,OpenWeather_point,0,84,0.0,0.0,0.4666666666666667,0.0933,Low
37,22.476156051356583,88.54816018753887,6,0.14,OpenWeather_point,0,90,0.0009333333333333334,0.0,0.5,0.1005,Low
38,22.59051061304824,88.35075604457394,11,0.0,OpenWeather_point,0,81,0.0,0.0,0.45,0.09,Low
39,22.715141296559445,88.3809063052767,9,0.0,OpenWeather_point,0,173,0.0,0.0,0.9611111111111111,0.1922,Low
40,22.459002951060256,88.68094883227477,4,0.16,OpenWeather_point,0,16,0.0010666666666666667,0.0,0.08888888888888889,0.0183,Low
41,22.854290345353803,88.54985356690538,3,0.0,OpenWeather_point,0,83,0.0,0.0,0.46111111111111114,0.0922,Low
42,22.88458818867386,88.5893754519829,21,0.0,OpenWeather_point,0,48,0.0,0.0,0.26666666666666666,0.0533,Low
43,22.758445094579496,88.4246807510719,23,0.0,OpenWeather_point,3,133,0.0,0.3,0.7388888888888889,0.2378,Low
44,22.44819548107675,88.65130119827192,5,0.15,OpenWeather_point,0,50,0.001,0.0,0.2777777777777778,0.0561,Low
45,22.627888144916803,88.30118168239761,1,0.0,OpenWeather_point,3,130,0.0,0.3,0.7222222222222222,0.2344,Low
46,22.689609784470942,88.28838639146961,1,0.0,OpenWeather_point,0,56,0.0,0.0,0.3111111111111111,0.0622,Low
47,22.828307142046185,88.57925976491761,15,0.0,OpenWeather_point,2,89,0.0,0.2,0.49444444444444446,0.1589,Low
48,22.61604651988755,88.51365442035123,2,0.0,OpenWeather_point,0,130,0.0,0.0,0.7222222222222222,0.1444,Low
49,22.692048984456367,88.52492330077742,9,0.0,OpenWeather_point,0,114,0.0,0.0,0.6333333333333333,0.1267,Low
50,22.607903701085306,88.22080708693095,20,0.0,OpenWeather_point,0,16,0.0,0.0,0.08888888888888889,0.0178,Low
51,22.646995409622257,88.3649306061664,6,0.0,OpenWeather_point,0,119,0.0,0.0,0.6611111111111111,0.1322,Low
52,22.451701483861275,88.49382228608886,7,0.1,OpenWeather_point,1,27,0.0006666666666666668,0.1,0.15,0.0603,Low
53,22.48529648426844,88.66256005918841,14,0.16,OpenWeather_point,0,179,0.0010666666666666667,0.0,0.9944444444444445,0.1994,Low
54,22.57343490226742,88.49545774574071,23,0.11,OpenWeather_point,2,105,0.0007333333333333333,0.2,0.5833333333333334,0.177,Low
55,22.41140193551485,88.67927960662072,12,0.14,OpenWeather_point,0,76,0.0009333333333333334,0.0,0.4222222222222222,0.0849,Low
56,22.79136761362514,88.24136499996122,14,0.0,OpenWeather_point,1,87,0.0,0.1,0.48333333333333334,0.1267,Low
57,22.64332916541908,88.44535349717727,1,0.0,OpenWeather_point,0,80,0.0,0.0,0.4444444444444444,0.0889,Low
58,22.685864026188035,88.43674470052848,8,0.0,OpenWeather_point,3,169,0.0,0.3,0.9388888888888889,0.2778,Low
59,22.533487831545944,88.36578449867127,13,0.0,OpenWeather_point,0,99,0.0,0.0,0.55,0.11,Low
60,22.619455730152524,88.21080603994017,11,0.0,OpenWeather_point,5,94,0.0,0.5,0.5222222222222223,0.2544,Low
61,22.813145962097177,88.64808038591988,2,0.0,OpenWeather_point,0,98,0.0,0.0,0.5444444444444444,0.1089,Low
62,22.677018071769524,88.25428787056772,22,0.0,OpenWeather_point,0,26,0.0,0.0,0.14444444444444443,0.0289,Low
63,22.736120046519904,88.34061689191951,12,0.0,OpenWeather_point,0,44,0.0,0.0,0.24444444444444444,0.0489,Low
64,22.76349730714344,88.58432374595883,15,0.0,OpenWeather_point,3,119,0.0,0.3,0.6611111111111111,0.2222,Low
65,22.453870472977947,88.6580059225688,10,0.15,OpenWeather_point,0,176,0.001,0.0,0.9777777777777777,0.1961,Low
66,22.418706278088088,88.47742623469574,9,0.1,OpenWeather_point,0,42,0.0006666666666666668,0.0,0.23333333333333334,0.047,Low
67,22.58546114193122,88.61489487156621,20,0.15,OpenWeather_point,0,83,0.001,0.0,0.46111111111111114,0.0927,Low
68,22.55856944641136,88.67644969753488,12,0.17,OpenWeather_point,3,146,0.0011333333333333334,0.3,0.8111111111111111,0.2528,Low
69,22.545458919070057,88.45752856461586,4,0.0,OpenWeather_point,0,163,0.0,0.0,0.9055555555555556,0.1811,Low
70,22.86802178502448,88.28230390879101,10,0.0,OpenWeather_point,1,47,0.0,0.1,0.2611111111111111,0.0822,Low
71,22.42245530969616,88.41754853000153,12,0.0,OpenWeather_point,0,175,0.0,0.0,0.9722222222222222,0.1944,Low
72,22.845838633127457,88.57430400972848,9,0.0,OpenWeather_point,1,179,0.0,0.1,0.9944444444444445,0.2289,Low
73,22.84539624543926,88.64672331984893,17,0.0,OpenWeather_point,0,21,0.0,0.0,0.11666666666666667,0.0233,Low
74,22.557964525915395,88.5860062160555,7,0.13,OpenWeather_point,3,94,0.0008666666666666667,0.3,0.5222222222222223,0.1949,Low
75,22.73083063158388,88.38682886443686,4,0.0,OpenWeather_point,0,160,0.0,0.0,0.8888888888888888,0.1778,Low
76,22.77339480567451,88.33123025796144,18,0.0,OpenWeather_point,0,18,0.0,0.0,0.1,0.02,Low
77,22.86840657526689,88.32048528750285,13,0.0,OpenWeather_point,0,6,0.0,0.0,0.03333333333333333,0.0067,Low
78,22.815556336062453,88.27664215831226,16,0.0,OpenWeather_point,0,23,0.0,0.0,0.12777777777777777,0.0256,Low
79,22.489634154078868,88.49969139576042,8,0.12,OpenWeather_point,0,130,0.0007999999999999999,0.0,0.7222222222222222,0.1448,Low
80,22.498217332857287,88.35516183645005,22,0.0,OpenWeather_point,3,158,0.0,0.3,0.8777777777777778,0.2656,Low
81,22.788702419120582,88.68591321303049,1,0.1,OpenWeather_point,4,90,0.0006666666666666668,0.4,0.5,0.2203,Low
82,22.471948751275622,88.2069681438541,24,0.0,OpenWeather_point,0,91,0.0,0.0,0.5055555555555555,0.1011,Low
83,22.514828014999427,88.26591110889326,16,0.0,OpenWeather_point,0,4,0.0,0.0,0.022222222222222223,0.0044,Low
84,22.460916252314263,88.45316496581032,18,0.0,OpenWeather_point,0,122,0.0,0.0,0.6777777777777778,0.1356,Low
85,22.74713121782144,88.49055830461046,10,0.0,OpenWeather_point,0,76,0.0,0.0,0.4222222222222222,0.0844,Low
86,22.80206226309113,88.55770356480791,21,0.0,OpenWeather_point,5,36,0.0,0.5,0.2,0.19,Low
87,22.76949200195777,88.26552887577866,23,0.0,OpenWeather_point,3,79,0.0,0.3,0.4388888888888889,0.1778,Low
88,22.863781275503253,88.39878909691247,18,0.0,OpenWeather_point,1,23,0.0,0.1,0.12777777777777777,0.0556,Low
89,22.550474345890468,88.44429202267577,19,0.0,OpenWeather_point,0,92,0.0,0.0,0.5111111111111111,0.1022,Low
90,22.877811628523485,88.34322311344103,20,0.0,OpenWeather_point,0,120,0.0,0.0,0.6666666666666666,0.1333,Low
91,22.862404214656014,88.21242974569313,21,0.0,OpenWeather_point,0,108,0.0,0.0,0.6,0.12,Low
92,22.71698755584054,88.25294870187538,11,0.0,OpenWeather_point,0,100,0.0,0.0,0.5555555555555556,0.1111,Low
93,22.47016979853196,88.40955715965815,19,0.0,OpenWeather_point,0,2,0.0,0.0,0.011111111111111112,0.0022,Low
94,22.698021276617187,88.66651161080011,9,0.14,OpenWeather_point,1,174,0.0009333333333333334,0.1,0.9666666666666667,0.2238,Low
95,22.80218045780648,88.43369080077765,22,0.0,OpenWeather_point,0,115,0.0,0.0,0.6388888888888888,0.1278,Low
96,22.408918391988493,88.25457199838287,22,0.1,OpenWeather_point,0,142,0.0006666666666666668,0.0,0.7888888888888889,0.1581,Low
97,22.814714307441367,88.59840854416258,11,0.0,OpenWeather_point,0,84,0.0,0.0,0.4666666666666667,0.0933,Low
98,22.665384795299524,88.50300791035001,20,0.0,OpenWeather_point,0,42,0.0,0.0,0.23333333333333334,0.0467,Low
99,22.833869476888005,88.50155357866936,21,0.0,OpenWeather_point,0,53,0.0,0.0,0.29444444444444445,0.0589,Low
100,22.58709202170359,88.41294104318676,5,0.0,OpenWeather_point,0,75,0.0,0.0,0.4166666666666667,0.0833,Low
101,22.725965512789987,88.63374531587617,5,0.12,OpenWeather_point,0,50,0.0007999999999999999,0.0,0.2777777777777778,0.056,Low
102,22.52391978147568,88.31833118149879,6,0.0,OpenWeather_point,0,82,0.0,0.0,0.45555555555555555,0.0911,Low
103,22.77300714012172,88.60828438171195,12,0.0,OpenWeather_point,1,173,0.0,0.1,0.9611111111111111,0.2222,Low
104,22.433279428477583,88.49721683187823,18,0.11,OpenWeather_point,0,19,0.0007333333333333333,0.0,0.10555555555555556,0.0215,Low
105,22.473086622096343,88.61233209522817,6,0.16,OpenWeather_point,3,58,0.0010666666666666667,0.3,0.32222222222222224,0.155,Low
106,22.47193596648557,88.66048523624373,13,0.16,OpenWeather_point,0,56,0.0010666666666666667,0.0,0.3111111111111111,0.0628,Low
107,22.48276586136764,88.34236004116897,22,0.0,OpenWeather_point,0,104,0.0,0.0,0.5777777777777777,0.1156,Low
108,22.45774503183268,88.21057400816822,23,0.0,OpenWeather_point,0,28,0.0,0.0,0.15555555555555556,0.0311,Low
109,22.42769770458213,88.28732073546793,23,0.0,OpenWeather_point,0,150,0.0,0.0,0.8333333333333334,0.1667,Low
110,22.695571908055484,88.54035726339976,1,0.0,OpenWeather_point,3,10,0.0,0.3,0.05555555555555555,0.1011,Low
111,22.596815228416013,88.35899554847603,7,0.0,OpenWeather_point,3,178,0.0,0.3,0.9888888888888889,0.2878,Low
112,22.837502471117304,88.6255658134111,22,0.0,OpenWeather_point,1,91,0.0,0.1,0.5055555555555555,0.1311,Low
113,22.421737531006396,88.29074920479826,3,0.1,OpenWeather_point,0,161,0.0006666666666666668,0.0,0.8944444444444445,0.1792,Low
114,22.524693787916103,88.48561632587139,21,0.1,OpenWeather_point,0,43,0.0006666666666666668,0.0,0.2388888888888889,0.0481,Low
115,22.6081312128516,88.2246270599638,7,0.0,OpenWeather_point,0,2,0.0,0.0,0.011111111111111112,0.0022,Low
116,22.661876474358817,88.25083595145186,3,0.0,OpenWeather_point,0,68,0.0,0.0,0.37777777777777777,0.0756,Low
117,22.81672927689428,88.22598093323255,22,0.0,OpenWeather_point,0,73,0.0,0.0,0.40555555555555556,0.0811,Low
118,22.449556570789937,88.62178747579888,17,0.15,OpenWeather_point,0,167,0.001,0.0,0.9277777777777778,0.1861,Low
119,22.851326571963806,88.6897853402933,16,0.0,OpenWeather_point,0,58,0.0,0.0,0.32222222222222224,0.0644,Low
120,22.789738770385664,88.52124163799778,13,0.0,OpenWeather_point,0,145,0.0,0.0,0.8055555555555556,0.1611,Low
121,22.78949817728906,88.26727610420657,4,0.0,OpenWeather_point,0,149,0.0,0.0,0.8277777777777777,0.1656,Low
122,22.657111435095207,88.62878607206129,8,0.13,OpenWeather_point,0,97,0.0008666666666666667,0.0,0.5388888888888889,0.1082,Low
123,22.63139968279676,88.39254474805018,21,0.0,OpenWeather_point,2,124,0.0,0.2,0.6888888888888889,0.1978,Low
124,22.53323165875042,88.26988420547698,5,0.0,OpenWeather_point,1,116,0.0,0.1,0.6444444444444445,0.1589,Low
125,22.638938637011872,88.40844468429745,19,0.0,OpenWeather_point,0,109,0.0,0.0,0.6055555555555555,0.1211,Low
126,22.58375590505756,88.38319622491312,24,0.0,OpenWeather_point,0,42,0.0,0.0,0.23333333333333334,0.0467,Low
127,22.56374778220627,88.38973203986346,18,0.0,OpenWeather_point,0,33,0.0,0.0,0.18333333333333332,0.0367,Low
128,22.54843823728564,88.67442896335767,1,0.17,OpenWeather_point,2,124,0.0011333333333333334,0.2,0.6888888888888889,0.1983,Low
129,22.858174009769087,88.44045521415005,12,0.0,OpenWeather_point,1,139,0.0,0.1,0.7722222222222223,0.1844,Low
130,22.667717394915,88.62428024438681,18,0.13,OpenWeather_point,3,60,0.0008666666666666667,0.3,0.3333333333333333,0.1571,Low
131,22.72629367028005,88.60219591397355,2,0.11,OpenWeather_point,0,100,0.0007333333333333333,0.0,0.5555555555555556,0.1115,Low
132,22.71645881463381,88.34407780709124,24,0.0,OpenWeather_point,0,96,0.0,0.0,0.5333333333333333,0.1067,Low
133,22.767446581155145,88.30120229656286,6,0.0,OpenWeather_point,1,108,0.0,0.1,0.6,0.15,Low
134,22.830359534162945,88.26605141865078,12,0.0,OpenWeather_point,0,126,0.0,0.0,0.7,0.14,Low
135,22.70718987027096,88.24754787411497,20,0.0,OpenWeather_point,0,112,0.0,0.0,0.6222222222222222,0.1244,Low
136,22.44224660941176,88.66796991135031,11,0.16,OpenWeather_point,2,131,0.0010666666666666667,0.2,0.7277777777777777,0.2061,Low
137,22.4687039650189,88.67944012295455,10,0.16,OpenWeather_point,0,31,0.0010666666666666667,0.0,0.17222222222222222,0.035,Low
138,22.69684100223317,88.59131205231478,15,0.1,OpenWeather_point,0,145,0.0006666666666666668,0.0,0.8055555555555556,0.1614,Low
139,22.797557419491543,88.67301353140867,18,0.0,OpenWeather_point,0,17,0.0,0.0,0.09444444444444444,0.0189,Low
140,22.695037947679157,88.2475245987822,10,0.0,OpenWeather_point,0,46,0.0,0.0,0.25555555555555554,0.0511,Low
141,22.708082850012055,88.2856456520464,24,0.0,OpenWeather_point,0,24,0.0,0.0,0.13333333333333333,0.0267,Low
142,22.68621525701692,88.43299257649062,12,0.0,OpenWeather_point,3,102,0.0,0.3,0.5666666666666667,0.2033,Low
143,22.66131588775656,88.5819616950033,23,0.12,OpenWeather_point,0,166,0.0007999999999999999,0.0,0.9222222222222223,0.1848,Low
144,22.646076607787712,88.49979672076131,5,0.0,OpenWeather_point,3,144,0.0,0.3,0.8,0.25,Low
145,22.86561811784505,88.25986679425057,14,0.0,OpenWeather_point,1,142,0.0,0.1,0.7888888888888889,0.1878,Low
146,22.443854505955382,88.52893164252026,18,0.11,OpenWeather_point,3,22,0.0007333333333333333,0.3,0.12222222222222222,0.1148,Low
147,22.60930415039519,88.58716070807093,20,0.12,OpenWeather_point,0,38,0.0007999999999999999,0.0,0.2111111111111111,0.0426,Low
148,22.56681887916412,88.64918327368078,23,0.16,OpenWeather_point,0,121,0.0010666666666666667,0.0,0.6722222222222223,0.135,Low
149,22.781266073535324,88.3352674704551,8,0.0,OpenWeather_point,0,144,0.0,0.0,0.8,0.16,Low
150,22.55721999010213,88.2788058243125,19,0.0,OpenWeather_point,0,66,0.0,0.0,0.36666666666666664,0.0733,Low
151,22.47389168627109,88.66806373168788,18,0.16,OpenWeather_point,2,100,0.0010666666666666667,0.2,0.5555555555555556,0.1716,Low
152,22.591659911388703,88.56484285433869,22,0.13,OpenWeather_point,0,79,0.0008666666666666667,0.0,0.4388888888888889,0.0882,Low
153,22.676496532626448,88.66806999341924,9,0.14,OpenWeather_point,0,65,0.0009333333333333334,0.0,0.3611111111111111,0.0727,Low
154,22.639684782062268,88.38817973674041,22,0.0,OpenWeather_point,0,141,0.0,0.0,0.7833333333333333,0.1567,Low
155,22.89331577246216,88.55888011800182,21,0.0,OpenWeather_point,0,153,0.0,0.0,0.85,0.17,Low
156,22.45923928860852,88.6252668395954,3,0.16,OpenWeather_point,2,172,0.0010666666666666667,0.2,0.9555555555555556,0.2516,Low
157,22.7185369419956,88.26096083916755,11,0.0,OpenWeather_point,2,87,0.0,0.2,0.48333333333333334,0.1567,Low
158,22.743048182552723,88.20615134294431,18,0.0,OpenWeather_point,3,106,0.0,0.3,0.5888888888888889,0.2078,Low
159,22.62715898092087,88.61269975559816,22,0.14,OpenWeather_point,0,78,0.0009333333333333334,0.0,0.43333333333333335,0.0871,Low
160,22.62927404089928,88.42115706353395,20,0.0,OpenWeather_point,0,54,0.0,0.0,0.3,0.06,Low
161,22.550963695721244,88.65922094775777,6,0.17,OpenWeather_point,2,133,0.0011333333333333334,0.2,0.7388888888888889,0.2083,Low
162,22.455294205498053,88.69851732891878,19,0.17,OpenWeather_point,2,141,0.0011333333333333334,0.2,0.7833333333333333,0.2172,Low
163,22.83960001215387,88.34195421893202,24,0.0,OpenWeather_point,2,141,0.0,0.2,0.7833333333333333,0.2167,Low
164,22.45320976593569,88.69955236523712,7,0.17,OpenWeather_point,0,151,0.0011333333333333334,0.0,0.8388888888888889,0.1683,Low
165,22.732842368053262,88.5250625077794,16,0.0,OpenWeather_point,0,113,0.0,0.0,0.6277777777777778,0.1256,Low
166,22.84851669944831,88.21449975160223,11,0.0,OpenWeather_point,0,17,0.0,0.0,0.09444444444444444,0.0189,Low
167,22.52041402902057,88.27151093758332,19,0.0,OpenWeather_point,0,154,0.0,0.0,0.8555555555555555,0.1711,Low
168,22.499102113606448,88.65531911356544,18,0.17,OpenWeather_point,0,140,0.0011333333333333334,0.0,0.7777777777777778,0.1561,Low
169,22.728134519663744,88.21808135524735,16,0.0,OpenWeather_point,0,1,0.0,0.0,0.005555555555555556,0.0011,Low
170,22.4258289585072,88.50296258882386,13,0.11,OpenWeather_point,0,1,0.0007333333333333333,0.0,0.005555555555555556,0.0015,Low
171,22.800740905429706,88.31927641031369,22,0.0,OpenWeather_point,0,52,0.0,0.0,0.28888888888888886,0.0578,Low
172,22.428615970076628,88.60048192682085,1,0.15,OpenWeather_point,0,153,0.001,0.0,0.85,0.1705,Low
173,22.86389771508614,88.5860541995522,5,0.0,OpenWeather_point,0,153,0.0,0.0,0.85,0.17,Low
174,22.81899010932769,88.22007564977353,23,0.0,OpenWeather_point,1,126,0.0,0.1,0.7,0.17,Low
175,22.500891055359528,88.26246183965283,2,0.0,OpenWeather_point,3,126,0.0,0.3,0.7,0.23,Low
176,22.77259406416442,88.5150059222882,22,0.0,OpenWeather_point,0,91,0.0,0.0,0.5055555555555555,0.1011,Low
177,22.825565549880967,88.27760649622054,8,0.0,OpenWeather_point,0,147,0.0,0.0,0.8166666666666667,0.1633,Low
178,22.49652074543445,88.3353793756589,20,0.0,OpenWeather_point,1,133,0.0,0.1,0.7388888888888889,0.1778,Low
179,22.75495234864065,88.69010239244935,9,0.11,OpenWeather_point,0,135,0.0007333333333333333,0.0,0.75,0.1504,Low
180,22.42725015749565,88.50815448496377,13,0.11,OpenWeather_point,0,111,0.0007333333333333333,0.0,0.6166666666666667,0.1237,Low
181,22.42117527579008,88.64207285568341,11,0.14,OpenWeather_point,2,83,0.0009333333333333334,0.2,0.46111111111111114,0.1527,Low
182,22.48656392321125,88.24586050291211,10,0.0,OpenWeather_point,0,128,0.0,0.0,0.7111111111111111,0.1422,Low
183,22.49176661444016,88.6900135897771,6,0.17,OpenWeather_point,2,107,0.0011333333333333334,0.2,0.5944444444444444,0.1795,Low
184,22.7920404741707,88.5182041710539,8,0.0,OpenWeather_point,1,83,0.0,0.1,0.46111111111111114,0.1222,Low
185,22.68620657497932,88.27256512733253,18,0.0,OpenWeather_point,0,45,0.0,0.0,0.25,0.05,Low
186,22.55067131625736,88.48900860790377,17,0.0,OpenWeather_point,4,171,0.0,0.4,0.95,0.31,Medium
187,22.74988797229453,88.52461657762265,9,0.0,OpenWeather_point,0,80,0.0,0.0,0.4444444444444444,0.0889,Low
188,22.47421949496003,88.45417636922348,16,0.0,OpenWeather_point,0,170,0.0,0.0,0.9444444444444444,0.1889,Low
189,22.602017195370383,88.43708436474131,24,0.0,OpenWeather_point,1,24,0.0,0.1,0.13333333333333333,0.0567,Low
190,22.467047304936383,88.33903777289063,16,0.0,OpenWeather_point,1,22,0.0,0.1,0.12222222222222222,0.0544,Low
191,22.55235230188041,88.41395160684068,24,0.0,OpenWeather_point,0,142,0.0,0.0,0.7888888888888889,0.1578,Low
192,22.71731455870913,88.40590544829278,3,0.0,OpenWeather_point,0,110,0.0,0.0,0.6111111111111112,0.1222,Low
193,22.604391554714347,88.30881426334848,22,0.0,OpenWeather_point,0,171,0.0,0.0,0.95,0.19,Low
194,22.558520455658616,88.21802991713868,13,0.0,OpenWeather_point,3,106,0.0,0.3,0.5888888888888889,0.2078,Low
195,22.60920002207843,88.43706633754509,13,0.0,OpenWeather_point,0,27,0.0,0.0,0.15,0.03,Low
196,22.686228966561057,88.48288595021596,2,0.0,OpenWeather_point,3,41,0.0,0.3,0.22777777777777777,0.1356,Low
197,22.751001090555185,88.5239742411006,23,0.0,OpenWeather_point,0,106,0.0,0.0,0.5888888888888889,0.1178,Low
198,22.55810707591202,88.59371611099299,1,0.13,OpenWeather_point,0,118,0.0008666666666666667,0.0,0.6555555555555556,0.1315,Low
199,22.67457219179984,88.41570909758995,22,0.0,OpenWeather_point,0,96,0.0,0.0,0.5333333333333333,0.1067,Low
200,22.580328667225125,88.45636962230338,12,0.0,OpenWeather_point,0,113,0.0,0.0,0.6277777777777778,0.1256,Low
201,22.768352844241107,88.64320144336186,18,0.0,OpenWeather_point,0,24,0.0,0.0,0.13333333333333333,0.0267,Low
202,22.651816462591547,88.46013755737029,7,0.0,OpenWeather_point,0,166,0.0,0.0,0.9222222222222223,0.1844,Low
203,22.79993520538192,88.35722534587211,16,0.0,OpenWeather_point,0,94,0.0,0.0,0.5222222222222223,0.1044,Low
204,22.64707082325871,88.25792836216763,13,0.0,OpenWeather_point,2,151,0.0,0.2,0.8388888888888889,0.2278,Low
205,22.43602957353647,88.62099660551974,7,0.15,OpenWeather_point,0,148,0.001,0.0,0.8222222222222222,0.1649,Low
206,22.540305718066826,88.36706502025078,14,0.0,OpenWeather_point,0,11,0.0,0.0,0.06111111111111111,0.0122,Low
207,22.486497222595798,88.356946684901,8,0.0,OpenWeather_point,1,12,0.0,0.1,0.06666666666666667,0.0433,Low
208,22.40734142178004,88.61358671226034,21,0.14,OpenWeather_point,0,134,0.0009333333333333334,0.0,0.7444444444444445,0.1494,Low
209,22.82827401178728,88.38613078659577,12,0.0,OpenWeather_point,1,128,0.0,0.1,0.7111111111111111,0.1722,Low
210,22.700420203972534,88.25983627793245,13,0.0,OpenWeather_point,1,28,0.0,0.1,0.15555555555555556,0.0611,Low
211,22.582459680539124,88.67921459045048,8,0.16,OpenWeather_point,0,14,0.0010666666666666667,0.0,0.07777777777777778,0.0161,Low
212,22.78605244567729,88.35548075496038,1,0.0,OpenWeather_point,2,180,0.0,0.2,1.0,0.26,Low
213,22.743832524583045,88.55270318274201,24,0.0,OpenWeather_point,6,136,0.0,0.6,0.7555555555555555,0.3311,Medium
214,22.72044431729308,88.20536382248784,17,0.0,OpenWeather_point,0,70,0.0,0.0,0.3888888888888889,0.0778,Low
215,22.50452882930112,88.46254415148363,20,0.1,OpenWeather_point,5,85,0.0006666666666666668,0.5,0.4722222222222222,0.2448,Low
216,22.482953433938267,88.61815214527512,1,0.16,OpenWeather_point,2,30,0.0010666666666666667,0.2,0.16666666666666666,0.0939,Low
217,22.894566501341803,88.47798471401423,19,0.0,OpenWeather_point,0,37,0.0,0.0,0.20555555555555555,0.0411,Low
218,22.895160832163132,88.2707979442844,3,0.0,OpenWeather_point,1,152,0.0,0.1,0.8444444444444444,0.1989,Low
219,22.62412280662717,88.39628635792096,13,0.0,OpenWeather_point,0,60,0.0,0.0,0.3333333333333333,0.0667,Low
220,22.77766508639737,88.4168895136613,15,0.0,OpenWeather_point,0,15,0.0,0.0,0.08333333333333333,0.0167,Low
221,22.6346634670952,88.27533648690662,17,0.0,OpenWeather_point,0,56,0.0,0.0,0.3111111111111111,0.0622,Low
222,22.853551811078106,88.22232454448714,7,0.0,OpenWeather_point,2,33,0.0,0.2,0.18333333333333332,0.0967,Low
223,22.51642614247185,88.34602966515726,11,0.0,OpenWeather_point,0,35,0.0,0.0,0.19444444444444445,0.0389,Low
224,22.6932225865074,88.44664498792534,2,0.0,OpenWeather_point,0,89,0.0,0.0,0.49444444444444446,0.0989,Low
225,22.44205766727844,88.32183372702787,18,0.0,OpenWeather_point,1,152,0.0,0.1,0.8444444444444444,0.1989,Low
226,22.71879435023923,88.52457452506714,6,0.0,OpenWeather_point,3,152,0.0,0.3,0.8444444444444444,0.2589,Low
227,22.735101627675675,88.58145150951977,17,0.0,OpenWeather_point,2,111,0.0,0.2,0.6166666666666667,0.1833,Low
228,22.583304192466304,88.46976371763084,8,0.0,OpenWeather_point,0,11,0.0,0.0,0.06111111111111111,0.0122,Low
229,22.569228241648663,88.6222394366436,20,0.15,OpenWeather_point,0,60,0.001,0.0,0.3333333333333333,0.0672,Low
230,22.784313794729687,88.6260077584406,7,0.0,OpenWeather_point,0,87,0.0,0.0,0.48333333333333334,0.0967,Low
231,22.65239574145175,88.65477612193568,12,0.13,OpenWeather_point,0,55,0.0008666666666666667,0.0,0.3055555555555556,0.0615,Low
232,22.82513714941686,88.37029539779577,11,0.0,OpenWeather_point,2,106,0.0,0.2,0.5888888888888889,0.1778,Low
233,22.64940847926574,88.4657055205023,23,0.0,OpenWeather_point,2,94,0.0,0.2,0.5222222222222223,0.1644,Low
234,22.59927625335077,88.65866883627584,18,0.16,OpenWeather_point,0,19,0.0010666666666666667,0.0,0.10555555555555556,0.0216,Low
235,22.71541612018237,88.28875329121848,6,0.0,OpenWeather_point,0,2,0.0,0.0,0.011111111111111112,0.0022,Low
236,22.49580150483135,88.21241156589929,2,0.0,OpenWeather_point,3,61,0.0,0.3,0.3388888888888889,0.1578,Low
237,22.863730229252013,88.42410366412844,15,0.0,OpenWeather_point,2,76,0.0,0.2,0.4222222222222222,0.1444,Low
238,22.699238595778866,88.20365722814651,23,0.0,OpenWeather_point,0,56,0.0,0.0,0.3111111111111111,0.0622,Low
239,22.53901105330041,88.55151673284945,19,0.13,OpenWeather_point,2,95,0.0008666666666666667,0.2,0.5277777777777778,0.166,Low
240,22.890902973771265,88.51017885482902,18,0.0,OpenWeather_point,4,115,0.0,0.4,0.6388888888888888,0.2478,Low
241,22.638752936813862,88.580716281592,2,0.12,OpenWeather_point,0,118,0.0007999999999999999,0.0,0.6555555555555556,0.1315,Low
242,22.76034797335917,88.6816056117747,20,0.11,OpenWeather_point,0,163,0.0007333333333333333,0.0,0.9055555555555556,0.1815,Low
243,22.791002585369085,88.63340071913096,1,0.0,OpenWeather_point,0,14,0.0,0.0,0.07777777777777778,0.0156,Low
244,22.76620675149689,88.42004434976369,14,0.0,OpenWeather_point,0,21,0.0,0.0,0.11666666666666667,0.0233,Low
245,22.676551901205634,88.52705120474118,11,0.0,OpenWeather_point,0,76,0.0,0.0,0.4222222222222222,0.0844,Low
246,22.89228904071581,88.34411412274396,21,0.0,OpenWeather_point,3,175,0.0,0.3,0.9722222222222222,0.2844,Low
247,22.76687674871896,88.57499176896764,5,0.0,OpenWeather_point,3,115,0.0,0.3,0.6388888888888888,0.2178,Low
248,22.461934887432108,88.22047348014286,11,0.0,OpenWeather_point,0,63,0.0,0.0,0.35,0.07,Low
249,22.788671563764588,88.44484987090846,3,0.0,OpenWeather_point,0,158,0.0,0.0,0.8777777777777778,0.1756,Low
250,22.632486728096826,88.68895848953693,20,0.15,OpenWeather_point,0,178,0.001,0.0,0.9888888888888889,0.1983,Low
251,22.60578800109703,88.59684107527998,4,0.15,OpenWeather_point,1,117,0.001,0.1,0.65,0.1605,Low
252,22.67773085506888,88.60102989349286,19,0.12,OpenWeather_point,0,16,0.0007999999999999999,0.0,0.08888888888888889,0.0182,Low
253,22.86235083360994,88.61129154530872,18,0.0,OpenWeather_point,0,43,0.0,0.0,0.2388888888888889,0.0478,Low
254,22.58635117065337,88.22434923615693,22,0.0,OpenWeather_point,0,7,0.0,0.0,0.03888888888888889,0.0078,Low
255,22.45464114555728,88.53765281433374,16,0.13,OpenWeather_point,0,138,0.0008666666666666667,0.0,0.7666666666666667,0.1538,Low
256,22.78686034137581,88.63272827402784,15,0.0,OpenWeather_point,0,129,0.0,0.0,0.7166666666666667,0.1433,Low
257,22.76971573423825,88.60043579605332,11,0.0,OpenWeather_point,0,69,0.0,0.0,0.38333333333333336,0.0767,Low
258,22.517267575220647,88.51094888668763,14,0.12,OpenWeather_point,0,9,0.0007999999999999999,0.0,0.05,0.0104,Low
259,22.82906265231241,88.20225006246983,15,0.0,OpenWeather_point,1,172,0.0,0.1,0.9555555555555556,0.2211,Low
260,22.7386436996822,88.21480364456431,5,0.0,OpenWeather_point,2,93,0.0,0.2,0.5166666666666667,0.1633,Low
261,22.60067777877669,88.64781744069185,10,0.15,OpenWeather_point,0,110,0.001,0.0,0.6111111111111112,0.1227,Low
262,22.518829181680296,88.62639056481596,7,0.16,OpenWeather_point,0,121,0.0010666666666666667,0.0,0.6722222222222223,0.135,Low
263,22.57401571170476,88.62667233557204,24,0.16,OpenWeather_point,2,163,0.0010666666666666667,0.2,0.9055555555555556,0.2416,Low
264,22.69516012544157,88.39847003387392,10,0.0,OpenWeather_point,0,54,0.0,0.0,0.3,0.06,Low
265,22.537412525377533,88.64327878108594,3,0.16,OpenWeather_point,3,156,0.0010666666666666667,0.3,0.8666666666666667,0.2639,Low
266,22.44240579561788,88.37096346927284,22,0.0,OpenWeather_point,0,34,0.0,0.0,0.18888888888888888,0.0378,Low
267,22.758819573820784,88.60371580298815,2,0.11,OpenWeather_point,1,97,0.0007333333333333333,0.1,0.5388888888888889,0.1381,Low
268,22.54818102850558,88.40397097556564,17,0.0,OpenWeather_point,1,180,0.0,0.1,1.0,0.23,Low
269,22.468410639014813,88.48743596481152,2,0.11,OpenWeather_point,0,34,0.0007333333333333333,0.0,0.18888888888888888,0.0381,Low
270,22.75044050506033,88.4976064202067,10,0.0,OpenWeather_point,0,180,0.0,0.0,1.0,0.2,Low
271,22.596184546460897,88.65764938014279,12,0.16,OpenWeather_point,0,40,0.0010666666666666667,0.0,0.2222222222222222,0.045,Low
272,22.467183456656528,88.38268923159957,8,0.0,OpenWeather_point,0,90,0.0,0.0,0.5,0.1,Low
273,22.433583334423883,88.30098951884439,11,0.0,OpenWeather_point,0,100,0.0,0.0,0.5555555555555556,0.1111,Low
274,22.62663995825008,88.5172701324759,17,0.0,OpenWeather_point,0,4,0.0,0.0,0.022222222222222223,0.0044,Low
275,22.57164623118945,88.41019088575264,1,0.0,OpenWeather_point,0,160,0.0,0.0,0.8888888888888888,0.1778,Low
276,22.775981560787457,88.47042831847247,17,0.0,OpenWeather_point,0,173,0.0,0.0,0.9611111111111111,0.1922,Low
277,22.54227043755591,88.6484983993865,12,0.16,OpenWeather_point,0,70,0.0010666666666666667,0.0,0.3888888888888889,0.0783,Low
278,22.562671365258332,88.65453240721148,14,0.16,OpenWeather_point,0,43,0.0010666666666666667,0.0,0.2388888888888889,0.0483,Low
279,22.664771027642534,88.571158974709,4,0.12,OpenWeather_point,0,39,0.0007999999999999999,0.0,0.21666666666666667,0.0437,Low
280,22.726719604504748,88.34969164575742,11,0.0,OpenWeather_point,0,107,0.0,0.0,0.5944444444444444,0.1189,Low
281,22.52068603081333,88.36124617358433,6,0.0,OpenWeather_point,0,32,0.0,0.0,0.17777777777777778,0.0356,Low
282,22.8371571826454,88.34162346662507,1,0.0,OpenWeather_point,0,28,0.0,0.0,0.15555555555555556,0.0311,Low
283,22.680744697207192,88.59598721257069,12,0.12,OpenWeather_point,1,106,0.0007999999999999999,0.1,0.5888888888888889,0.1482,Low
284,22.619193129292096,88.43812865429337,8,0.0,OpenWeather_point,0,142,0.0,0.0,0.7888888888888889,0.1578,Low
285,22.89735087446751,88.53729873848951,9,0.0,OpenWeather_point,0,47,0.0,0.0,0.2611111111111111,0.0522,Low
286,22.851276984609616,88.59379491811467,3,0.0,OpenWeather_point,0,147,0.0,0.0,0.8166666666666667,0.1633,Low
287,22.492589672476782,88.48108536686878,14,0.1,OpenWeather_point,0,58,0.0006666666666666668,0.0,0.32222222222222224,0.0648,Low
288,22.726461063282,88.67767471409391,10,0.13,OpenWeather_point,0,19,0.0008666666666666667,0.0,0.10555555555555556,0.0215,Low
289,22.656366032150054,88.41648624643389,19,0.0,OpenWeather_point,0,26,0.0,0.0,0.14444444444444443,0.0289,Low
290,22.87988726116461,88.25150134206508,21,0.0,OpenWeather_point,0,7,0.0,0.0,0.03888888888888889,0.0078,Low
291,22.42053954665242,88.32303330575247,18,0.0,OpenWeather_point,0,103,0.0,0.0,0.5722222222222222,0.1144,Low
292,22.62755892120588,88.45804390062855,8,0.0,OpenWeather_point,0,12,0.0,0.0,0.06666666666666667,0.0133,Low
293,22.55628497451429,88.22548024128744,20,0.0,OpenWeather_point,0,154,0.0,0.0,0.8555555555555555,0.1711,Low
294,22.59225218899496,88.23026422541326,2,0.0,OpenWeather_point,0,21,0.0,0.0,0.11666666666666667,0.0233,Low
295,22.74909486280496,88.3035102707624,4,0.0,OpenWeather_point,3,176,0.0,0.3,0.9777777777777777,0.2856,Low
296,22.597062888589047,88.40830481653458,16,0.0,OpenWeather_point,0,55,0.0,0.0,0.3055555555555556,0.0611,Low
297,22.4008303538374,88.25603518549936,21,0.1,OpenWeather_point,0,75,0.0006666666666666668,0.0,0.4166666666666667,0.0837,Low
298,22.400616531255952,88.45408367790644,8,0.0,OpenWeather_point,2,156,0.0,0.2,0.8666666666666667,0.2333,Low
299,22.644751003253603,88.36654708050533,23,0.0,OpenWeather_point,0,74,0.0,0.0,0.4111111111111111,0.0822,Low
300,22.79029056876329,88.62060185310749,8,0.0,OpenWeather_point,0,78,0.0,0.0,0.43333333333333335,0.0867,Low
301,22.530174271707622,88.36124522048387,6,0.0,OpenWeather_point,0,108,0.0,0.0,0.6,0.12,Low
302,22.63993170027553,88.54162917882941,1,0.0,OpenWeather_point,0,44,0.0,0.0,0.24444444444444444,0.0489,Low
303,22.514126437731708,88.36536787102743,22,0.0,OpenWeather_point,0,45,0.0,0.0,0.25,0.05,Low
304,22.42428464492348,88.43038480261978,24,0.0,OpenWeather_point,2,168,0.0,0.2,0.9333333333333333,0.2467,Low
305,22.75577902079839,88.27522700577875,14,0.0,OpenWeather_point,0,109,0.0,0.0,0.6055555555555555,0.1211,Low
306,22.469102685819266,88.65941159676534,4,0.16,OpenWeather_point,0,9,0.0010666666666666667,0.0,0.05,0.0105,Low
307,22.40462989091056,88.29416098740568,22,0.1,OpenWeather_point,0,147,0.0006666666666666668,0.0,0.8166666666666667,0.1637,Low
308,22.4553147337811,88.51007464331416,5,0.11,OpenWeather_point,0,6,0.0007333333333333333,0.0,0.03333333333333333,0.007,Low
309,22.52081945436954,88.48460602521534,15,0.1,OpenWeather_point,0,42,0.0006666666666666668,0.0,0.23333333333333334,0.047,Low
310,22.82471766654489,88.20237069645594,8,0.0,OpenWeather_point,0,107,0.0,0.0,0.5944444444444444,0.1189,Low
311,22.826684729671182,88.50955954321348,7,0.0,OpenWeather_point,2,83,0.0,0.2,0.46111111111111114,0.1522,Low
312,22.78646869406764,88.6277457708953,19,0.0,OpenWeather_point,0,30,0.0,0.0,0.16666666666666666,0.0333,Low
313,22.52713174187708,88.65939684045134,23,0.17,OpenWeather_point,0,101,0.0011333333333333334,0.0,0.5611111111111111,0.1128,Low
314,22.70171222716666,88.69232476680882,23,0.14,OpenWeather_point,0,82,0.0009333333333333334,0.0,0.45555555555555555,0.0916,Low
315,22.5807680393196,88.60657967291006,5,0.15,OpenWeather_point,0,27,0.001,0.0,0.15,0.0305,Low
316,22.799606761120742,88.50036695943132,18,0.0,OpenWeather_point,3,58,0.0,0.3,0.32222222222222224,0.1544,Low
317,22.5081778476127,88.40701304689462,24,0.0,OpenWeather_point,0,115,0.0,0.0,0.6388888888888888,0.1278,Low
318,22.43905419654018,88.21491738504986,4,0.0,OpenWeather_point,0,58,0.0,0.0,0.32222222222222224,0.0644,Low
319,22.57323932770359,88.20951707390874,21,0.0,OpenWeather_point,0,127,0.0,0.0,0.7055555555555556,0.1411,Low
320,22.762591660425432,88.5540456178418,21,0.0,OpenWeather_point,0,30,0.0,0.0,0.16666666666666666,0.0333,Low
321,22.76929019322869,88.35857658556499,7,0.0,OpenWeather_point,0,23,0.0,0.0,0.12777777777777777,0.0256,Low
322,22.696915274014223,88.26301317087332,1,0.0,OpenWeather_point,2,161,0.0,0.2,0.8944444444444445,0.2389,Low
323,22.471859330727767,88.54654771346485,16,0.14,OpenWeather_point,0,11,0.0009333333333333334,0.0,0.06111111111111111,0.0127,Low
324,22.65364635079102,88.69588723796436,12,0.16,OpenWeather_point,0,32,0.0010666666666666667,0.0,0.17777777777777778,0.0361,Low
325,22.402003802366668,88.20828990094878,14,0.1,OpenWeather_point,0,100,0.0006666666666666668,0.0,0.5555555555555556,0.1114,Low
326,22.692319417067083,88.26345498775926,13,0.0,OpenWeather_point,0,179,0.0,0.0,0.9944444444444445,0.1989,Low
327,22.84865109987705,88.64019015006384,23,0.0,OpenWeather_point,0,75,0.0,0.0,0.4166666666666667,0.0833,Low
328,22.710896014930377,88.33659359575044,11,0.0,OpenWeather_point,0,97,0.0,0.0,0.5388888888888889,0.1078,Low
329,22.425259848186,88.49728380444543,6,0.11,OpenWeather_point,2,24,0.0007333333333333333,0.2,0.13333333333333333,0.087,Low
330,22.73181052333017,88.6181225884213,11,0.11,OpenWeather_point,2,54,0.0007333333333333333,0.2,0.3,0.1204,Low
331,22.40908027195718,88.49785688734286,6,0.12,OpenWeather_point,0,29,0.0007999999999999999,0.0,0.16111111111111112,0.0326,Low
332,22.836944248951895,88.32683225328091,21,0.0,OpenWeather_point,0,42,0.0,0.0,0.23333333333333334,0.0467,Low
333,22.70538506661771,88.47677042004482,2,0.0,OpenWeather_point,0,95,0.0,0.0,0.5277777777777778,0.1056,Low
334,22.73881038179989,88.56288481735773,15,0.0,OpenWeather_point,3,72,0.0,0.3,0.4,0.17,Low
335,22.683468897659694,88.57921111859238,14,0.1,OpenWeather_point,0,130,0.0006666666666666668,0.0,0.7222222222222222,0.1448,Low
336,22.6096361939504,88.45729152594276,2,0.0,OpenWeather_point,7,178,0.0,0.7,0.9888888888888889,0.4078,Medium
337,22.40623493897061,88.59801427815519,12,0.14,OpenWeather_point,0,65,0.0009333333333333334,0.0,0.3611111111111111,0.0727,Low
338,22.60398071518028,88.2470359815447,23,0.0,OpenWeather_point,1,94,0.0,0.1,0.5222222222222223,0.1344,Low
339,22.844828210837697,88.39750362002029,9,0.0,OpenWeather_point,0,29,0.0,0.0,0.16111111111111112,0.0322,Low
340,22.47468707818408,88.68077481477052,5,0.16,OpenWeather_point,0,123,0.0010666666666666667,0.0,0.6833333333333333,0.1372,Low
341,22.489220880910917,88.29977099644975,22,0.0,OpenWeather_point,0,166,0.0,0.0,0.9222222222222223,0.1844,Low
342,22.856291372070963,88.30607370376165,1,0.0,OpenWeather_point,4,155,0.0,0.4,0.8611111111111112,0.2922,Low
343,22.63490044408741,88.56674745228142,16,0.12,OpenWeather_point,3,116,0.0007999999999999999,0.3,0.6444444444444445,0.2193,Low
344,22.58952634751865,88.45850974342471,7,0.0,OpenWeather_point,3,159,0.0,0.3,0.8833333333333333,0.2667,Low
345,22.770858205259863,88.5655679883264,14,0.0,OpenWeather_point,1,97,0.0,0.1,0.5388888888888889,0.1378,Low
346,22.68496690932076,88.25230754840238,7,0.0,OpenWeather_point,0,141,0.0,0.0,0.7833333333333333,0.1567,Low
347,22.85198664543902,88.63278626966051,16,0.0,OpenWeather_point,3,156,0.0,0.3,0.8666666666666667,0.2633,Low
348,22.44993123858036,88.30219868354072,11,0.0,OpenWeather_point,2,144,0.0,0.2,0.8,0.22,Low
349,22.771800182553825,88.21157004729098,5,0.0,OpenWeather_point,0,38,0.0,0.0,0.2111111111111111,0.0422,Low
350,22.58857234017784,88.55965626684541,1,0.13,OpenWeather_point,0,177,0.0008666666666666667,0.0,0.9833333333333333,0.1971,Low
351,22.84378554424402,88.39731494407505,15,0.0,OpenWeather_point,0,113,0.0,0.0,0.6277777777777778,0.1256,Low
352,22.70437056444912,88.49049468687403,19,0.0,OpenWeather_point,0,58,0.0,0.0,0.32222222222222224,0.0644,Low
353,22.6045699888124,88.50088737793385,15,0.1,OpenWeather_point,3,104,0.0006666666666666668,0.3,0.5777777777777777,0.2059,Low
354,22.633820128313296,88.29837109037531,18,0.0,OpenWeather_point,0,169,0.0,0.0,0.9388888888888889,0.1878,Low
355,22.5886029914415,88.39705349129656,5,0.0,OpenWeather_point,2,139,0.0,0.2,0.7722222222222223,0.2144,Low
356,22.481435750277274,88.54228103669683,18,0.14,OpenWeather_point,0,24,0.0009333333333333334,0.0,0.13333333333333333,0.0271,Low
357,22.56973887710445,88.6774491959279,20,0.17,OpenWeather_point,1,131,0.0011333333333333334,0.1,0.7277777777777777,0.1761,Low
358,22.44946225255241,88.57675228150013,2,0.14,OpenWeather_point,0,44,0.0009333333333333334,0.0,0.24444444444444444,0.0494,Low
359,22.84051802595893,88.33905667843575,11,0.0,OpenWeather_point,1,87,0.0,0.1,0.48333333333333334,0.1267,Low
360,22.492883067435542,88.46100615068326,3,0.0,OpenWeather_point,0,37,0.0,0.0,0.20555555555555555,0.0411,Low
361,22.634208320623383,88.32971991992727,9,0.0,OpenWeather_point,0,24,0.0,0.0,0.13333333333333333,0.0267,Low
362,22.640745670163135,88.67966617381781,5,0.15,OpenWeather_point,0,9,0.001,0.0,0.05,0.0105,Low
363,22.72625960037633,88.44775327831431,2,0.0,OpenWeather_point,0,160,0.0,0.0,0.8888888888888888,0.1778,Low
364,22.526218145274797,88.34738697478727,4,0.0,OpenWeather_point,0,20,0.0,0.0,0.1111111111111111,0.0222,Low
365,22.78240177630361,88.63835539863231,6,0.0,OpenWeather_point,3,140,0.0,0.3,0.7777777777777778,0.2456,Low
366,22.892284304125376,88.69118334155228,23,0.0,OpenWeather_point,0,163,0.0,0.0,0.9055555555555556,0.1811,Low
367,22.876499566383988,88.23591107025145,11,0.0,OpenWeather_point,0,74,0.0,0.0,0.4111111111111111,0.0822,Low
368,22.552233263238016,88.47644912703224,20,0.0,OpenWeather_point,0,25,0.0,0.0,0.1388888888888889,0.0278,Low
369,22.44848894435274,88.62289847890108,11,0.15,OpenWeather_point,0,134,0.001,0.0,0.7444444444444445,0.1494,Low
370,22.6711822011511,88.28265566168365,21,0.0,OpenWeather_point,0,112,0.0,0.0,0.6222222222222222,0.1244,Low
371,22.526627737200094,88.28015601249113,7,0.0,OpenWeather_point,0,20,0.0,0.0,0.1111111111111111,0.0222,Low
372,22.692113930030608,88.56756471375982,4,0.1,OpenWeather_point,0,154,0.0006666666666666668,0.0,0.8555555555555555,0.1714,Low
373,22.54801643145501,88.38562631854414,21,0.0,OpenWeather_point,0,151,0.0,0.0,0.8388888888888889,0.1678,Low
374,22.780007485872016,88.58617649383729,22,0.0,OpenWeather_point,0,73,0.0,0.0,0.40555555555555556,0.0811,Low
375,22.503406763757013,88.67076942836906,20,0.17,OpenWeather_point,0,74,0.0011333333333333334,0.0,0.4111111111111111,0.0828,Low
376,22.84806104121181,88.2501978228249,16,0.0,OpenWeather_point,0,22,0.0,0.0,0.12222222222222222,0.0244,Low
377,22.532269905575653,88.62323926803398,19,0.16,OpenWeather_point,0,112,0.0010666666666666667,0.0,0.6222222222222222,0.125,Low
378,22.606783965654984,88.42492964997207,1,0.0,OpenWeather_point,0,33,0.0,0.0,0.18333333333333332,0.0367,Low
379,22.522629486511605,88.555122600668,1,0.13,OpenWeather_point,0,25,0.0008666666666666667,0.0,0.1388888888888889,0.0282,Low
380,22.837287569927785,88.36966107286828,8,0.0,OpenWeather_point,0,154,0.0,0.0,0.8555555555555555,0.1711,Low
381,22.665425197143907,88.32420320193283,13,0.0,OpenWeather_point,2,60,0.0,0.2,0.3333333333333333,0.1267,Low
382,22.48062703142596,88.67000950540375,8,0.16,OpenWeather_point,0,45,0.0010666666666666667,0.0,0.25,0.0505,Low
383,22.843994414302788,88.58867935666385,12,0.0,OpenWeather_point,0,60,0.0,0.0,0.3333333333333333,0.0667,Low
384,22.64530395775593,88.46487283309125,13,0.0,OpenWeather_point,0,94,0.0,0.0,0.5222222222222223,0.1044,Low
385,22.668284006788543,88.41728154234885,9,0.0,OpenWeather_point,0,66,0.0,0.0,0.36666666666666664,0.0733,Low
386,22.462831926434266,88.67612485792284,9,0.16,OpenWeather_point,0,24,0.0010666666666666667,0.0,0.13333333333333333,0.0272,Low
387,22.64101537979317,88.6766027624526,6,0.15,OpenWeather_point,0,27,0.001,0.0,0.15,0.0305,Low
388,22.677208276019964,88.30385862667578,4,0.0,OpenWeather_point,0,30,0.0,0.0,0.16666666666666666,0.0333,Low
389,22.5265923030633,88.21502728938059,7,0.0,OpenWeather_point,0,69,0.0,0.0,0.38333333333333336,0.0767,Low
390,22.8584242038146,88.36076649574117,15,0.0,OpenWeather_point,0,22,0.0,0.0,0.12222222222222222,0.0244,Low
391,22.704064605957296,88.43250706599464,13,0.0,OpenWeather_point,0,175,0.0,0.0,0.9722222222222222,0.1944,Low
392,22.665943045673032,88.29361947230767,15,0.0,OpenWeather_point,2,73,0.0,0.2,0.40555555555555556,0.1411,Low
393,22.894301949259788,88.60915393435194,6,0.0,OpenWeather_point,0,148,0.0,0.0,0.8222222222222222,0.1644,Low
394,22.63437964850697,88.27643856106317,4,0.0,OpenWeather_point,0,134,0.0,0.0,0.7444444444444445,0.1489,Low
395,22.86033292913678,88.37069353369087,13,0.0,OpenWeather_point,0,101,0.0,0.0,0.5611111111111111,0.1122,Low
396,22.57120183840531,88.59722851524795,11,0.15,OpenWeather_point,0,10,0.001,0.0,0.05555555555555555,0.0116,Low
397,22.711354372494103,88.57541929237243,7,0.0,OpenWeather_point,2,115,0.0,0.2,0.6388888888888888,0.1878,Low
398,22.50597730554027,88.6618916580466,7,0.17,OpenWeather_point,0,143,0.0011333333333333334,0.0,0.7944444444444444,0.1595,Low
399,22.618994801460182,88.51950682463209,12,0.0,OpenWeather_point,2,136,0.0,0.2,0.7555555555555555,0.2111,Low
400,22.896684249205588,88.34044819298208,11,0.0,OpenWeather_point,0,1,0.0,0.0,0.005555555555555556,0.0011,Low
401,22.43103155327008,88.42913102076825,6,0.0,OpenWeather_point,3,144,0.0,0.3,0.8,0.25,Low
402,22.476163355078786,88.5161414065151,2,0.12,OpenWeather_point,0,24,0.0007999999999999999,0.0,0.13333333333333333,0.0271,Low
403,22.596463695785115,88.6609262250775,1,0.16,OpenWeather_point,0,117,0.0010666666666666667,0.0,0.65,0.1305,Low
404,22.76309006419195,88.43054971507746,2,0.0,OpenWeather_point,0,58,0.0,0.0,0.32222222222222224,0.0644,Low
405,22.72997565056464,88.499847678358,7,0.0,OpenWeather_point,0,14,0.0,0.0,0.07777777777777778,0.0156,Low
406,22.875030547312218,88.37135682137747,4,0.0,OpenWeather_point,0,86,0.0,0.0,0.4777777777777778,0.0956,Low
407,22.488617750624638,88.53904703043992,17,0.13,OpenWeather_point,0,178,0.0008666666666666667,0.0,0.9888888888888889,0.1982,Low
408,22.42012686996996,88.42481634421134,12,0.0,OpenWeather_point,2,153,0.0,0.2,0.85,0.23,Low
409,22.846243844843663,88.57480930946144,14,0.0,OpenWeather_point,0,50,0.0,0.0,0.2777777777777778,0.0556,Low
410,22.665706905798626,88.52999785940058,3,0.0,OpenWeather_point,3,179,0.0,0.3,0.9944444444444445,0.2889,Low
411,22.551240140568964,88.673767799833,22,0.17,OpenWeather_point,0,129,0.0011333333333333334,0.0,0.7166666666666667,0.1439,Low
412,22.76925535634331,88.40157010205954,22,0.0,OpenWeather_point,0,66,0.0,0.0,0.36666666666666664,0.0733,Low
413,22.680909465031498,88.55989126751078,9,0.0,OpenWeather_point,2,107,0.0,0.2,0.5944444444444444,0.1789,Low
414,22.853543163454752,88.40965049396391,11,0.0,OpenWeather_point,0,92,0.0,0.0,0.5111111111111111,0.1022,Low
415,22.72353589907166,88.37118121665003,21,0.0,OpenWeather_point,0,126,0.0,0.0,0.7,0.14,Low
416,22.620025054116773,88.26290350915615,14,0.0,OpenWeather_point,1,74,0.0,0.1,0.4111111111111111,0.1122,Low
417,22.445861839529503,88.53374496157338,2,0.13,OpenWeather_point,0,24,0.0008666666666666667,0.0,0.13333333333333333,0.0271,Low
418,22.73145485710505,88.20988322267135,8,0.0,OpenWeather_point,1,118,0.0,0.1,0.6555555555555556,0.1611,Low
419,22.56327342133589,88.2989049236296,11,0.0,OpenWeather_point,0,30,0.0,0.0,0.16666666666666666,0.0333,Low
420,22.830315200698063,88.32334018861307,18,0.0,OpenWeather_point,0,141,0.0,0.0,0.7833333333333333,0.1567,Low
421,22.73392457942399,88.26468140172913,16,0.0,OpenWeather_point,1,157,0.0,0.1,0.8722222222222222,0.2044,Low
422,22.46932724811671,88.34176038329962,13,0.0,OpenWeather_point,1,50,0.0,0.1,0.2777777777777778,0.0856,Low
423,22.73736827367464,88.65516345509263,14,0.1,OpenWeather_point,1,134,0.0006666666666666668,0.1,0.7444444444444445,0.1792,Low
424,22.67103951747536,88.55069555062173,23,0.0,OpenWeather_point,1,37,0.0,0.1,0.20555555555555555,0.0711,Low
425,22.876461234242782,88.50503024144359,7,0.0,OpenWeather_point,3,135,0.0,0.3,0.75,0.24,Low
426,22.712739078456966,88.360245580839,9,0.0,OpenWeather_point,0,46,0.0,0.0,0.25555555555555554,0.0511,Low
427,22.88806419534585,88.39983806758183,16,0.0,OpenWeather_point,0,80,0.0,0.0,0.4444444444444444,0.0889,Low
428,22.411613791173377,88.40003072306737,8,0.0,OpenWeather_point,0,124,0.0,0.0,0.6888888888888889,0.1378,Low
429,22.83755380666125,88.50511372221662,4,0.0,OpenWeather_point,0,66,0.0,0.0,0.36666666666666664,0.0733,Low
430,22.86796874971786,88.62699218807361,10,0.0,OpenWeather_point,0,80,0.0,0.0,0.4444444444444444,0.0889,Low
431,22.561107836911468,88.47227420102067,24,0.0,OpenWeather_point,0,127,0.0,0.0,0.7055555555555556,0.1411,Low
432,22.71610125005743,88.36705563347938,2,0.0,OpenWeather_point,3,89,0.0,0.3,0.49444444444444446,0.1889,Low
433,22.522102500382942,88.65633591762777,12,0.16,OpenWeather_point,0,172,0.0010666666666666667,0.0,0.9555555555555556,0.1916,Low
434,22.821661442880988,88.68910221538228,3,0.0,OpenWeather_point,3,167,0.0,0.3,0.9277777777777778,0.2756,Low
435,22.772495762889843,88.582333614281,18,0.0,OpenWeather_point,2,42,0.0,0.2,0.23333333333333334,0.1067,Low
436,22.640303815471157,88.42822609725714,11,0.0,OpenWeather_point,0,138,0.0,0.0,0.7666666666666667,0.1533,Low
437,22.5201131380745,88.52240959717965,18,0.12,OpenWeather_point,1,115,0.0007999999999999999,0.1,0.6388888888888888,0.1582,Low
438,22.528904204851177,88.49298068704803,1,0.1,OpenWeather_point,0,53,0.0006666666666666668,0.0,0.29444444444444445,0.0592,Low
439,22.60499119411252,88.30942830439731,17,0.0,OpenWeather_point,0,119,0.0,0.0,0.6611111111111111,0.1322,Low
440,22.830284959647187,88.28384975983889,12,0.0,OpenWeather_point,0,147,0.0,0.0,0.8166666666666667,0.1633,Low
441,22.4037535164,88.36806498426469,2,0.0,OpenWeather_point,0,82,0.0,0.0,0.45555555555555555,0.0911,Low
442,22.81958693311716,88.26916453505802,6,0.0,OpenWeather_point,0,144,0.0,0.0,0.8,0.16,Low
443,22.787167950591524,88.25785208365471,15,0.0,OpenWeather_point,0,21,0.0,0.0,0.11666666666666667,0.0233,Low
444,22.89930475750596,88.29629541161546,14,0.0,OpenWeather_point,0,71,0.0,0.0,0.39444444444444443,0.0789,Low
445,22.47698179128881,88.4114001662734,11,0.0,OpenWeather_point,0,73,0.0,0.0,0.40555555555555556,0.0811,Low
446,22.866450391206627,88.69041057276652,17,0.0,OpenWeather_point,0,112,0.0,0.0,0.6222222222222222,0.1244,Low
447,22.434820318295696,88.26899875867396,6,0.0,OpenWeather_point,0,106,0.0,0.0,0.5888888888888889,0.1178,Low
448,22.53531607613543,88.64242452975319,22,0.16,OpenWeather_point,3,143,0.0010666666666666667,0.3,0.7944444444444444,0.2494,Low
449,22.731726628614545,88.25592240119035,14,0.0,OpenWeather_point,0,128,0.0,0.0,0.7111111111111111,0.1422,Low
450,22.488178190004035,88.41174769733983,16,0.0,OpenWeather_point,0,150,0.0,0.0,0.8333333333333334,0.1667,Low
451,22.676092464279662,88.45038307454014,19,0.0,OpenWeather_point,0,54,0.0,0.0,0.3,0.06,Low
452,22.726343367434627,88.69602100276403,1,0.14,OpenWeather_point,3,124,0.0009333333333333334,0.3,0.6888888888888889,0.2282,Low
453,22.899710954612093,88.45822970131782,19,0.0,OpenWeather_point,0,20,0.0,0.0,0.1111111111111111,0.0222,Low
454,22.76392164948436,88.6883320391083,22,0.1,OpenWeather_point,0,18,0.0006666666666666668,0.0,0.1,0.0203,Low
455,22.55916319381451,88.43060444291879,2,0.0,OpenWeather_point,0,33,0.0,0.0,0.18333333333333332,0.0367,Low
456,22.425709577278464,88.53613221561173,20,0.12,OpenWeather_point,0,77,0.0007999999999999999,0.0,0.42777777777777776,0.086,Low
457,22.576668847534236,88.59373193731575,24,0.15,OpenWeather_point,0,123,0.001,0.0,0.6833333333333333,0.1372,Low
458,22.81061539329892,88.40833299901995,4,0.0,OpenWeather_point,2,150,0.0,0.2,0.8333333333333334,0.2267,Low
459,22.56077284112045,88.57441038983353,8,0.13,OpenWeather_point,0,129,0.0008666666666666667,0.0,0.7166666666666667,0.1438,Low
460,22.64562872319568,88.64651550976815,4,0.13,OpenWeather_point,1,145,0.0008666666666666667,0.1,0.8055555555555556,0.1915,Low
461,22.47195434803928,88.63953438982948,2,0.16,OpenWeather_point,1,165,0.0010666666666666667,0.1,0.9166666666666666,0.2139,Low
462,22.476762761027302,88.46692000663698,1,0.11,OpenWeather_point,0,18,0.0007333333333333333,0.0,0.1,0.0204,Low
463,22.433759240093707,88.22640355070006,2,0.0,OpenWeather_point,0,41,0.0,0.0,0.22777777777777777,0.0456,Low
464,22.61815832984713,88.58731194064612,15,0.12,OpenWeather_point,0,1,0.0007999999999999999,0.0,0.005555555555555556,0.0015,Low
465,22.417419175139955,88.52612880323294,2,0.12,OpenWeather_point,2,135,0.0007999999999999999,0.2,0.75,0.2104,Low
466,22.484000424288933,88.27343186741071,15,0.0,OpenWeather_point,0,149,0.0,0.0,0.8277777777777777,0.1656,Low
467,22.830400486810262,88.61156230497505,19,0.0,OpenWeather_point,2,100,0.0,0.2,0.5555555555555556,0.1711,Low
468,22.80959993964699,88.24637803871225,20,0.0,OpenWeather_point,0,98,0.0,0.0,0.5444444444444444,0.1089,Low
469,22.597240758969377,88.5688987780532,20,0.13,OpenWeather_point,0,106,0.0008666666666666667,0.0,0.5888888888888889,0.1182,Low
470,22.776164457216776,88.4520893021954,11,0.0,OpenWeather_point,0,47,0.0,0.0,0.2611111111111111,0.0522,Low
471,22.775132993974115,88.43233981892867,11,0.0,OpenWeather_point,0,56,0.0,0.0,0.3111111111111111,0.0622,Low
472,22.509594608239315,88.3041896707175,13,0.0,OpenWeather_point,0,67,0.0,0.0,0.37222222222222223,0.0744,Low
473,22.775745405285697,88.25945517401698,21,0.0,OpenWeather_point,1,137,0.0,0.1,0.7611111111111111,0.1822,Low
474,22.488145682511064,88.28767325572696,1,0.0,OpenWeather_point,0,16,0.0,0.0,0.08888888888888889,0.0178,Low
475,22.81155381140345,88.39925331173711,10,0.0,OpenWeather_point,3,126,0.0,0.3,0.7,0.23,Low
476,22.468605628895304,88.52676991284683,1,0.12,OpenWeather_point,2,179,0.0007999999999999999,0.2,0.9944444444444445,0.2593,Low
477,22.624364753600624,88.39645908834854,10,0.0,OpenWeather_point,0,34,0.0,0.0,0.18888888888888888,0.0378,Low
478,22.8877978229142,88.63642947938709,16,0.0,OpenWeather_point,0,158,0.0,0.0,0.8777777777777778,0.1756,Low
479,22.49615033951757,88.31039896060447,15,0.0,OpenWeather_point,3,86,0.0,0.3,0.4777777777777778,0.1856,Low
480,22.544541790819096,88.5673625653903,21,0.14,OpenWeather_point,0,119,0.0009333333333333334,0.0,0.6611111111111111,0.1327,Low
481,22.683210325404826,88.47545438424521,15,0.0,OpenWeather_point,0,70,0.0,0.0,0.3888888888888889,0.0778,Low
482,22.755266385871337,88.21328888249865,18,0.0,OpenWeather_point,0,150,0.0,0.0,0.8333333333333334,0.1667,Low
483,22.424729568573007,88.500779226228,16,0.12,OpenWeather_point,3,67,0.0007999999999999999,0.3,0.37222222222222223,0.1648,Low
484,22.530092327671493,88.40932804365741,19,0.0,OpenWeather_point,0,88,0.0,0.0,0.4888888888888889,0.0978,Low
485,22.77895515936643,88.61330574232896,4,0.0,OpenWeather_point,0,63,0.0,0.0,0.35,0.07,Low
486,22.59268474042855,88.33534838074756,22,0.0,OpenWeather_point,0,102,0.0,0.0,0.5666666666666667,0.1133,Low
487,22.660959235384624,88.35737480928219,21,0.0,OpenWeather_point,0,82,0.0,0.0,0.45555555555555555,0.0911,Low
488,22.738326191254817,88.2330396054597,12,0.0,OpenWeather_point,0,102,0.0,0.0,0.5666666666666667,0.1133,Low
489,22.400533732511374,88.30613856942037,6,0.0,OpenWeather_point,0,108,0.0,0.0,0.6,0.12,Low
490,22.72314538161428,88.28598017596852,18,0.0,OpenWeather_point,0,162,0.0,0.0,0.9,0.18,Low
491,22.84513198091181,88.43497797014368,15,0.0,OpenWeather_point,3,150,0.0,0.3,0.8333333333333334,0.2567,Low
492,22.867770971921328,88.22974334609167,18,0.0,OpenWeather_point,0,86,0.0,0.0,0.4777777777777778,0.0956,Low
493,22.50758913731436,88.49288566257736,2,0.1,OpenWeather_point,0,84,0.0006666666666666668,0.0,0.4666666666666667,0.0937,Low
494,22.73976350460448,88.30704614466836,22,0.0,OpenWeather_point,0,36,0.0,0.0,0.2,0.04,Low
495,22.449578485299405,88.30349257982043,7,0.0,OpenWeather_point,0,19,0.0,0.0,0.10555555555555556,0.0211,Low
496,22.48806914958654,88.26734601246167,10,0.0,OpenWeather_point,1,77,0.0,0.1,0.42777777777777776,0.1156,Low
497,22.83014094310947,88.36019860179866,21,0.0,OpenWeather_point,2,62,0.0,0.2,0.34444444444444444,0.1289,Low
498,22.42763520475061,88.37868481175103,5,0.0,OpenWeather_point,0,65,0.0,0.0,0.3611111111111111,0.0722,Low
499,22.532403588660788,88.5052425336709,5,0.12,OpenWeather_point,2,76,0.0007999999999999999,0.2,0.4222222222222222,0.1448,Low
500,22.844182726531415,88.66483331045978,12,0.0,OpenWeather_point,0,37,0.0,0.0,0.20555555555555555,0.0411,Low
501,22.449915528588395,88.2537014781443,13,0.0,OpenWeather_point,0,10,0.0,0.0,0.05555555555555555,0.0111,Low
502,22.709784628155155,88.26098448210482,20,0.0,OpenWeather_point,0,21,0.0,0.0,0.11666666666666667,0.0233,Low
503,22.82619115896513,88.57713575746895,10,0.0,OpenWeather_point,0,19,0.0,0.0,0.10555555555555556,0.0211,Low
504,22.66303026344301,88.69833860575957,1,0.16,OpenWeather_point,3,148,0.0010666666666666667,0.3,0.8222222222222222,0.255,Low
505,22.42208755147208,88.40063248209306,23,0.0,OpenWeather_point,1,12,0.0,0.1,0.06666666666666667,0.0433,Low
506,22.87432274935632,88.4884304792488,12,0.0,OpenWeather_point,0,59,0.0,0.0,0.3277777777777778,0.0656,Low
507,22.80309548272236,88.28517059682926,2,0.0,OpenWeather_point,0,145,0.0,0.0,0.8055555555555556,0.1611,Low
508,22.649319773438155,88.44683603813533,4,0.0,OpenWeather_point,0,177,0.0,0.0,0.9833333333333333,0.1967,Low
509,22.88544236427287,88.39036618060858,18,0.0,OpenWeather_point,0,145,0.0,0.0,0.8055555555555556,0.1611,Low
510,22.692376351402466,88.2640263052739,17,0.0,OpenWeather_point,0,72,0.0,0.0,0.4,0.08,Low
511,22.560542813205927,88.29660416122258,15,0.0,OpenWeather_point,0,177,0.0,0.0,0.9833333333333333,0.1967,Low
512,22.83307230316551,88.49466558306374,1,0.0,OpenWeather_point,0,19,0.0,0.0,0.10555555555555556,0.0211,Low
513,22.579336395763956,88.40433468868336,18,0.0,OpenWeather_point,0,80,0.0,0.0,0.4444444444444444,0.0889,Low
514,22.71657459107235,88.6633846957445,17,0.13,OpenWeather_point,0,78,0.0008666666666666667,0.0,0.43333333333333335,0.0871,Low
515,22.86638980982849,88.39574598976533,5,0.0,OpenWeather_point,3,140,0.0,0.3,0.7777777777777778,0.2456,Low
516,22.625523250092627,88.48396711521426,21,0.0,OpenWeather_point,2,60,0.0,0.2,0.3333333333333333,0.1267,Low
517,22.630908955724877,88.52937670490836,14,0.1,OpenWeather_point,0,64,0.0006666666666666668,0.0,0.35555555555555557,0.0714,Low
518,22.56035777334704,88.37286540288132,7,0.0,OpenWeather_point,0,100,0.0,0.0,0.5555555555555556,0.1111,Low
519,22.589296393779865,88.24731988412469,9,0.0,OpenWeather_point,0,56,0.0,0.0,0.3111111111111111,0.0622,Low
520,22.76155690107269,88.39454835576105,12,0.0,OpenWeather_point,0,30,0.0,0.0,0.16666666666666666,0.0333,Low
521,22.50726948628007,88.48133620528743,12,0.1,OpenWeather_point,0,137,0.0006666666666666668,0.0,0.7611111111111111,0.1526,Low
522,22.528711181172685,88.61339494096188,15,0.16,OpenWeather_point,1,136,0.0010666666666666667,0.1,0.7555555555555555,0.1816,Low
523,22.863752429812525,88.49869726453693,10,0.0,OpenWeather_point,0,19,0.0,0.0,0.10555555555555556,0.0211,Low
524,22.426287995161527,88.67275994551096,8,0.14,OpenWeather_point,2,121,0.0009333333333333334,0.2,0.6722222222222223,0.1949,Low
525,22.596242367132472,88.66195020027271,20,0.16,OpenWeather_point,0,166,0.0010666666666666667,0.0,0.9222222222222223,0.185,Low
526,22.40230939942166,88.21927099966172,8,0.1,OpenWeather_point,0,105,0.0006666666666666668,0.0,0.5833333333333334,0.117,Low
527,22.74020940283496,88.48133400691597,8,0.0,OpenWeather_point,0,15,0.0,0.0,0.08333333333333333,0.0167,Low
528,22.77172998061119,88.62607266853459,9,0.0,OpenWeather_point,0,5,0.0,0.0,0.027777777777777776,0.0056,Low
529,22.64820874121965,88.43287872017864,14,0.0,OpenWeather_point,0,82,0.0,0.0,0.45555555555555555,0.0911,Low
530,22.7933248562468,88.36535803337306,22,0.0,OpenWeather_point,0,1,0.0,0.0,0.005555555555555556,0.0011,Low
531,22.839381809891268,88.38653029377903,10,0.0,OpenWeather_point,0,154,0.0,0.0,0.8555555555555555,0.1711,Low
532,22.53517089409966,88.28029415629246,5,0.0,OpenWeather_point,0,102,0.0,0.0,0.5666666666666667,0.1133,Low
533,22.78745395169066,88.44829523942315,22,0.0,OpenWeather_point,0,39,0.0,0.0,0.21666666666666667,0.0433,Low
534,22.882707976740868,88.68178995611107,1,0.0,OpenWeather_point,0,97,0.0,0.0,0.5388888888888889,0.1078,Low
535,22.8278210608512,88.29380464638253,24,0.0,OpenWeather_point,1,168,0.0,0.1,0.9333333333333333,0.2167,Low
536,22.839073712327767,88.38723196822447,4,0.0,OpenWeather_point,0,107,0.0,0.0,0.5944444444444444,0.1189,Low
537,22.45055308296779,88.60548145111997,2,0.15,OpenWeather_point,0,91,0.001,0.0,0.5055555555555555,0.1016,Low
538,22.682196340179587,88.69107214815892,12,0.14,OpenWeather_point,0,87,0.0009333333333333334,0.0,0.48333333333333334,0.0971,Low
539,22.70360571524704,88.41248969283305,4,0.0,OpenWeather_point,0,169,0.0,0.0,0.9388888888888889,0.1878,Low
540,22.60880964632702,88.25919954158934,8,0.0,OpenWeather_point,0,67,0.0,0.0,0.37222222222222223,0.0744,Low
541,22.797375279208783,88.61885842909352,5,0.0,OpenWeather_point,0,13,0.0,0.0,0.07222222222222222,0.0144,Low
542,22.55189830920497,88.6371671281674,21,0.16,OpenWeather_point,0,52,0.0010666666666666667,0.0,0.28888888888888886,0.0583,Low
543,22.411985177763977,88.46022872188361,21,0.0,OpenWeather_point,0,92,0.0,0.0,0.5111111111111111,0.1022,Low
544,22.74506338478923,88.28169585007473,20,0.0,OpenWeather_point,0,84,0.0,0.0,0.4666666666666667,0.0933,Low
545,22.734165370397577,88.38836700393745,3,0.0,OpenWeather_point,0,143,0.0,0.0,0.7944444444444444,0.1589,Low
546,22.420047504936388,88.43086359859225,8,0.0,OpenWeather_point,0,112,0.0,0.0,0.6222222222222222,0.1244,Low
547,22.661125446991186,88.3071632014275,2,0.0,OpenWeather_point,0,81,0.0,0.0,0.45,0.09,Low
548,22.494237151506148,88.37207053903168,24,0.0,OpenWeather_point,0,26,0.0,0.0,0.14444444444444443,0.0289,Low
549,22.448405074652484,88.67365989786481,3,0.16,OpenWeather_point,2,36,0.0010666666666666667,0.2,0.2,0.1005,Low
550,22.804484801253373,88.68720856155443,24,0.0,OpenWeather_point,0,73,0.0,0.0,0.40555555555555556,0.0811,Low
551,22.44036764000137,88.5258347339675,18,0.11,OpenWeather_point,3,179,0.0007333333333333333,0.3,0.9944444444444445,0.2893,Low
552,22.71711721698336,88.41451306067871,8,0.0,OpenWeather_point,1,157,0.0,0.1,0.8722222222222222,0.2044,Low
553,22.61553817881897,88.21794944300368,13,0.0,OpenWeather_point,3,37,0.0,0.3,0.20555555555555555,0.1311,Low
554,22.896771498393424,88.67935376298597,9,0.0,OpenWeather_point,0,97,0.0,0.0,0.5388888888888889,0.1078,Low
555,22.42019961442108,88.55289850181475,13,0.12,OpenWeather_point,0,99,0.0007999999999999999,0.0,0.55,0.1104,Low
556,22.851494576703068,88.22255737285464,10,0.0,OpenWeather_point,1,55,0.0,0.1,0.3055555555555556,0.0911,Low
557,22.86793705100554,88.61873787189388,18,0.0,OpenWeather_point,2,165,0.0,0.2,0.9166666666666666,0.2433,Low
558,22.42991216865865,88.61735383216347,8,0.15,OpenWeather_point,0,22,0.001,0.0,0.12222222222222222,0.0249,Low
559,22.47787883548729,88.46744907648794,22,0.11,OpenWeather_point,3,13,0.0007333333333333333,0.3,0.07222222222222222,0.1048,Low
560,22.68372405677466,88.39861665073641,11,0.0,OpenWeather_point,5,165,0.0,0.5,0.9166666666666666,0.3333,Medium
561,22.622508027427,88.23155858535193,4,0.0,OpenWeather_point,0,31,0.0,0.0,0.17222222222222222,0.0344,Low
562,22.55532709254054,88.29468174583643,18,0.0,OpenWeather_point,4,175,0.0,0.4,0.9722222222222222,0.3144,Medium
563,22.5430236509202,88.68218659744574,15,0.17,OpenWeather_point,0,36,0.0011333333333333334,0.0,0.2,0.0406,Low
564,22.83365152025059,88.55392194720072,19,0.0,OpenWeather_point,0,17,0.0,0.0,0.09444444444444444,0.0189,Low
565,22.815009589579518,88.68794877018395,2,0.0,OpenWeather_point,0,112,0.0,0.0,0.6222222222222222,0.1244,Low
566,22.87169117563893,88.26346762839546,16,0.0,OpenWeather_point,1,152,0.0,0.1,0.8444444444444444,0.1989,Low
567,22.797894282583485,88.47283784704052,12,0.0,OpenWeather_point,0,70,0.0,0.0,0.3888888888888889,0.0778,Low
568,22.84946078816025,88.68590190932336,10,0.0,OpenWeather_point,3,98,0.0,0.3,0.5444444444444444,0.1989,Low
569,22.75241916152159,88.4414691947359,12,0.0,OpenWeather_point,3,83,0.0,0.3,0.46111111111111114,0.1822,Low
570,22.59317072861159,88.38079951478633,13,0.0,OpenWeather_point,3,83,0.0,0.3,0.46111111111111114,0.1822,Low
571,22.59575342084221,88.24487661762561,23,0.0,OpenWeather_point,0,131,0.0,0.0,0.7277777777777777,0.1456,Low
572,22.789934921936155,88.42303644646012,13,0.0,OpenWeather_point,0,14,0.0,0.0,0.07777777777777778,0.0156,Low
573,22.86534224427231,88.50611050429698,17,0.0,OpenWeather_point,0,16,0.0,0.0,0.08888888888888889,0.0178,Low
574,22.478761670658734,88.3029098965065,10,0.0,OpenWeather_point,3,7,0.0,0.3,0.03888888888888889,0.0978,Low
575,22.88786801219483,88.30935211307582,12,0.0,OpenWeather_point,0,70,0.0,0.0,0.3888888888888889,0.0778,Low
576,22.868088465820097,88.68859636495718,24,0.0,OpenWeather_point,0,93,0.0,0.0,0.5166666666666667,0.1033,Low
577,22.51818021769177,88.22455882187502,4,0.0,OpenWeather_point,0,64,0.0,0.0,0.35555555555555557,0.0711,Low
578,22.43166423935128,88.29756212054617,23,0.0,OpenWeather_point,0,28,0.0,0.0,0.15555555555555556,0.0311,Low
579,22.684284857351862,88.65622439814783,21,0.13,OpenWeather_point,0,47,0.0008666666666666667,0.0,0.2611111111111111,0.0527,Low
580,22.71299477834954,88.30093362580477,6,0.0,OpenWeather_point,3,97,0.0,0.3,0.5388888888888889,0.1978,Low
581,22.800291810336923,88.5088944542528,22,0.0,OpenWeather_point,3,118,0.0,0.3,0.6555555555555556,0.2211,Low
582,22.87442155350289,88.3739503878783,22,0.0,OpenWeather_point,0,156,0.0,0.0,0.8666666666666667,0.1733,Low
583,22.44528952926772,88.31296447895839,14,0.0,OpenWeather_point,1,74,0.0,0.1,0.4111111111111111,0.1122,Low
584,22.872846825912237,88.38915491118671,22,0.0,OpenWeather_point,0,79,0.0,0.0,0.4388888888888889,0.0878,Low
585,22.785386606832684,88.47023834608538,12,0.0,OpenWeather_point,0,77,0.0,0.0,0.42777777777777776,0.0856,Low
586,22.560367059476725,88.5265959425114,20,0.11,OpenWeather_point,0,33,0.0007333333333333333,0.0,0.18333333333333332,0.037,Low
587,22.736426697342445,88.41737987340453,7,0.0,OpenWeather_point,1,146,0.0,0.1,0.8111111111111111,0.1922,Low
588,22.760953389756335,88.28443652080637,4,0.0,OpenWeather_point,0,42,0.0,0.0,0.23333333333333334,0.0467,Low
589,22.86833484593256,88.29395178951825,13,0.0,OpenWeather_point,6,148,0.0,0.6,0.8222222222222222,0.3444,Medium
590,22.648823851182687,88.45977479905486,22,0.0,OpenWeather_point,0,20,0.0,0.0,0.1111111111111111,0.0222,Low
591,22.65409645738912,88.41833374466943,16,0.0,OpenWeather_point,0,50,0.0,0.0,0.2777777777777778,0.0556,Low
592,22.64314030633529,88.43897329036992,6,0.0,OpenWeather_point,0,180,0.0,0.0,1.0,0.2,Low
593,22.61088303135728,88.23341287735073,10,0.0,OpenWeather_point,2,133,0.0,0.2,0.7388888888888889,0.2078,Low
594,22.51398388611159,88.51880449011453,8,0.12,OpenWeather_point,0,107,0.0007999999999999999,0.0,0.5944444444444444,0.1193,Low
595,22.42541673097424,88.6906935506265,11,0.14,OpenWeather_point,0,4,0.0009333333333333334,0.0,0.022222222222222223,0.0049,Low
596,22.84837768579535,88.43778058661647,20,0.0,OpenWeather_point,2,85,0.0,0.2,0.4722222222222222,0.1544,Low
597,22.43016540928711,88.61110677304691,17,0.15,OpenWeather_point,0,130,0.001,0.0,0.7222222222222222,0.1449,Low
598,22.79087852378697,88.41408493175445,16,0.0,OpenWeather_point,0,117,0.0,0.0,0.65,0.13,Low
599,22.71896837212332,88.62811450189831,10,0.12,OpenWeather_point,0,139,0.0007999999999999999,0.0,0.7722222222222223,0.1548,Low
600,22.57383681741795,88.5312647971831,8,0.12,OpenWeather_point,0,114,0.0007999999999999999,0.0,0.6333333333333333,0.1271,Low
